word,ipa
-ta-,/tɑ/
-ta-,/t̪ɑ/
abiri,/ɑɓiri/
abudu,/ɑɓuɗu/
acha,/ˈɑ.tʃɑ/
achali,/ɑˈtʃɑ.li/
achisha,/ɑˈtʃi.ʃɑ/
adhuhuri,/ɑ.ðuˈhu.ɾi/
adili,/ɑɗili/
adui,/ɑˈɗui/
afiki,/ɑˈfi.ki/
afrika,/ɑ.fri.kɑ/
afyuni,/ɑfˈju.ni/
ajabu,/ɑˈʄɑ.ɓu/
ajiriwa,/ɑ.ʄiˈɾi.wɑ/
akili,/ɑˈki.li/
akili,/ɑˈqi.li/
akrama,/ɑkˈɾɑ.mɑ/
alama,/ɑˈlɑ.mɑ/
almari,/ɑlˈmɑ.ɾi/
alpaka,/ɑlˈpɑ.kɑ/
amerika,/ɑˈmɛ.ɾi.kɑ/
aminifu,/ɑ.miˈni.fu/
andazi,/ɑˈⁿdɑ.zi/
andikiza,/ɑ.ⁿdiˈki.zɑ/
ardhi,/ˈɑrdi/
ardhi,/ˈɑrði/
arusi,/ɑˈɾu.si/
arusi,/ʕɑˈɾu.si/
asidi,/ɑˈsi.ɗi/
asubuhi,/ɑ.suˈɓu.hi/
baada,/ˈɓɑː.ɗɑ/
baadhi,/ˈɓɑː.ði/
baadhi,[ˈɓaːzi]
baadhi,[ˈɓaːɗi]
babara,/ˈɓɑ.ɓɑ.ɾɑ/
barabara,/ɓɑrɑˈɓɑrɑ/
barabara,/ɓɑˈrɑɓɑrɑ/
bendera,/ɓɛˈⁿdɛ.ɾɑ/
bopa,/ˈɓɔ.pɑ/
buku,/ˈɓu.ku/
buzi,/ˈɓu.zi/
chache,/ˈtʃɑ.tʃɛ/
chache,/ˈtʃʰɑ.tʃɛ/
chako,/ˈtʃɑ.kɔ/
chako,/ˈtʃʰɑ.kɔ/
chango,/ˈtʃɑ.ᵑɡɔ/
chanjo,/ˈtʃɑ.ⁿdʒɔ/
choo,/ˈtʃɔː/
choo,/ˈtʃʰɔː/
chuchu,/ˈtʃu.tʃu/
chuchumaa,/tʃu.tʃuˈmɑː/
chuchumaa,/tʃʰu.tʃuˈmɑː/
chungu,/ˈtʃu.ᵑɡu/
chungu,/ˈtʃʰu.ᵑɡu/
chungwa,/ˈtʃu.ᵑɡʷɑ/
chungwa,/ˈtʃʰu.ᵑɡʷɑ/
chuo,/ˈtʃu.ɔ/
chupa,/ˈtʃu.pɑ/
chupa,/ˈtʃʰu.pɑ/
dera,/ˈɗɛ.ɾɑ/
dhakari,/dɑ-/
dhakari,/ðɑˈkɑ.ri/
dhambi,/ˈdɑᵐbi/
dhambi,/ˈðɑᵐbi/
endapo,/ɛˈⁿdɑ.pɔ/
farasi,/fɑˈɾɑ.si/
farisi,/fɑˈɾi.si/
fedha,/ˈfɛ.ðɑ/
fenesi,/fɛˈnɛ.si/
fikra,/ˈfik.ɾɑ/
foronya,/fɔˈɾɔ.ɲɑ/
fundo,/ˈfuⁿ.dɔ/
gae,/ˈɠɑ.ɛ/
gari,/ˈɡa.ri/
gesi,/ˈɠɛ.si/
ghafi,/ˈɡɑ.fi/
ghafi,/ˈɣɑ.fi/
ghulamu,/ɡu.la.mu/
ghulamu,/ɣu.la.mu/
gubigubi,/ɡubiɡubi/
guu,/ˈɠuː/
habari,/hɑˈɓɑ.ɾi/
habari,/xɑˈɓɑ.ɾi/
hakuna matata,/hɑˈku.nɑ mɑˈtɑ.tɑ/
haramia,/hɑ.ɾɑˈmi.ɑ/
hata,/ˈhɑ.tɑ/
hata,/ˈħɑtːɑ/
hela,/ˈhɛ.la/
hofu,/ˈhɔ.fu/
hofu,/ˈxɔ.fu/
homa,/ˈhɔ.mɑ/
hotuba,/hoˈtu.ba/
hotuba,/ˈho.tu.ba/
husiano,/hu.siˈɑ.nɔ/
ijayo,/iˈʄɑ.jɔ/
iliyopita,/iˈli.jɔ ˈpi.tɑ/
imani,/iˈmɑni/
jamali,/ʄɑˈmɑ.li/
jambo,/ˈʄɑ.ᵐbɔ/
jana,/ˈʄɑ.nɑ/
kaa,/ˈkɑː/
kaa,/ˈkʰɑː/
kabati,/kɑˈɓɑti/
kahawa,/kɑˈhɑ.wɑ/
kamusi,/kɑˈmu.si/
kanda,/ˈkɑ.ⁿdɑ/
kanda,/ˈkʰɑ.ⁿdɑ/
kanga,/ˈkɑ.ᵑɡɑ/
kanzu,/ˈkɑ.ⁿzu/
kanzu,/ˈkʰɑ.ⁿzu/
kazi,/ˈkɑ.zi/
kenya,/kɛ.ɲɑ/
keti,/ˈkɛ.ti/
keti,/ˈkʰɛ.t̪i/
khofu,/ˈxɔ.fu/
kiboko,/kiˈɓɔkɔ/
kikuku,/kiˈku.ku/
kikuku,/kiˈkʰu.ku/
kima,/ˈki.mɑ/
kima,/ˈqi.mɑ/
kinembe,/kiˈnɛ.ᵐbɛ/
kisu,/ˈki.su/
kisukari,/ki.suˈkɑ.ɾi/
kiswahili,/ki.sʷɑˈhi.li/
kitanda,/kiˈtɑ.ⁿdɑ/
kitanda,/kiˈtʰɑ.ⁿdɑ/
kitu,/ˈki.tu/
kitu,/ˈkʰi.tu/
kivuko,/kiˈvu.kɔ/
kovu,/ˈkɔ.vu/
kuku,/ˈku.ku/
kuku,/ˈkʰu.ku/
kurasa,/kuˈɾɑ.sɑ/
kurasa,/kʰuˈɾɑ.sɑ/
kuu,/ˈkuː/
kuu,/ˈkʰuː/
kweli,/ˈkwɛ.li/
la,/lɑ/
la,/ˈlɑ/
laana,/lɑˈɑ.nɑ/
laana,/lɑˈʕɑ.nɑ/
lama,/ˈlɑ.mɑ/
lazima,/lɑˈzi.mɑ/
lazima,/ˈlɑ.zi.mɑ/
m,/m̩/
mafuta,/mɑˈfu.tɑ/
maguu,/mɑˈɠuː/
makani,/mɑˈkɑ.ni/
manjano,/mɑˈⁿdʒɑ.nɔ/
maridadi,/mɑ.ɾiˈɗɑ.ɗi/
maskini,/mɑsˈki.ni/
maua,/ma.ˈu.a/
mazu,/ˈmɑ.zu/
mbali,/ˈᵐbɑ.li/
mbaya,/m̩ˈɓɑ.jɑ/
mbaya,/ˈᵐbɑ.jɑ/
mbogo,/ˈᵐbɔ.ɠɔ/
mbovu,/m̩ˈɓɔ.vu/
mbovu,/ˈᵐbɔ.vu/
menyeka,/mɛˈɲɛ.kɑ/
meza,/ˈmɛzɑ/
mfuko,/m̩ˈfu.kɔ/
mganda,/mˈɡɑn.dɑ/
mguu,/m̩ˈɠuː/
miguu,/miˈɠuː/
mkenya,/mˈkɛ.ɲɑ/
mkulima,/m̩.kuˈli.mɑ/
mkulima,/m̩.kʰuˈli.mɑ/
mlango,/m̩ˈlɑ.ᵑɡɔ/
moja,/ˈmɔ.ʄɑ/
mtali,/ˈm.tɑ.li/
mto,/ˈm̩.tɔ/
mtu,/ˈm̩.tu/
mtu,/ˈm̩.tʰu/
muda,/ˈmu.ɗɑ/
mvi,/ˈm̩.vi/
mzee,/mˈzɛː/
mzungu,/mˈzu.ᵑɡu/
na,/nɑ/
nadharia,/nɑ.ðɑˈɾi.ɑ/
nata,/ˈnɑ.tɑ/
nchi,/ˈn̩.tʃi/
ndani,/ˈⁿdɑ.ni/
ndege,/ˈⁿdɛ.ɠɛ/
ndia,/ˈⁿd̪i.ɑ/
ndizi,/ˈⁿdi.zi/
neno,/ˈnɛ.nɔ/
ng'amba,/ˈŋɑᵐba/
ng'o,/ŋo/
ng'ombe,/ˈŋɔ.ᵐbɛ/
ngagi,/ˈŋɡaɡi/
ngamia,/ᵑɡɑˈmi.ɑ/
ngoma,/ˈŋɡɔma/
ngozi,/ˈᵑɡɔ.zi/
nguo,/ŋ.ɡu.ɔ/
nguruwe,/ᵑɡuˈɾu.wɛ/
ngʼ,/ŋ/
njama,/ˈⁿd͡ʒɑmɑ/
njiwa,/ˈⁿd͡ʒi.wɑ/
nuka,/ˈnu.kɑ/
nuka,/ˈnu.kʰɑ/
nusura,/ˈnusuɾɑ/
nyati,/ˈɲɑ.ti/
nyoka,/ˈɲɔ.kɑ/
nyuki,/ˈɲu.ki/
nyumba,/ˈɲu.ᵐbɑ/
nywa,/ɲwɑ/
ote,/ˈɔ.tɛ/
ote,/ˈɔ.t̪ʰɛ/
paa,/ˈpɑː/
paa,/ˈpʰɑː/
paka,/ˈpɑ.kɑ/
paka,/ˈpʰɑ.kɑ/
pana,/ˈpɑ.nɑ/
pana,/ˈpʰɑ.nɑ/
panga,/ˈpɑ.ᵑɡɑ/
panga,/ˈpʰɑ.ᵑɡɑ/
pemba,/ˈpɛ.ᵐbɑ/
pemba,/ˈpʰɛ.ᵐbɑ/
pembe,/ˈpɛ.ᵐbɛ/
pembe,/ˈpʰɛ.ᵐbɛ/
pendo,/ˈpɛ.ⁿdɔ/
penga,/ˈpɛ.ᵑɡɑ/
penye kuku wengi usimwage mtama,/ˈpɛ.ɲɛ ˈku.ku ˈwɛ.ᵑɡi u.siˈmʷɑ.ɠɛ m̩ˈtɑ.mɑ/
pepo,/ˈpɛ.pɔ/
pepo,/ˈpʰɛ.pɔ/
pesa,/ˈpɛ.sa/
pini,/ˈpi.ni/
pini,/ˈpʰi.ni/
pojo,/ˈpɔ.ʄɔ/
posho,/ˈpɔ.ʃɔ/
pumbaa,/puˈᵐbɑː/
pwani,/ˈpwɑ.ni/
radhi,/ˈɾɑ.ði/
radhi,/ˈɾɑ.ðˤi̹/
ruksa,/ˈɾux.sɑ/
saa,/saa/
saa,[saː]
safari,/sɑˈfɑ.ɾi/
safi,/ˈsɑ.fi/
safi,/ˈsˤɑ̹.fi/
saisi,/sɑˈi.si/
sayansi,/sɑˈjɑn.si/
shairi,/ʃɑˈi.ɾi/
shamba,/ˈʃɑ.ᵐbɑ/
shashimamishi,/ʃɑʃimɑˈmiʃi/
shule,/ˈʃu.lɛ/
siasa,/siˈɑ.sɑ/
sifuri,/siˈfuɾi/
simba,/ˈsi.ᵐbɑ/
sote,/ˈsɔ.tɛ/
sufuri,/suˈfuɾi/
sugu,/ˈsu.ɠu/
sultani,/sulˈtɑ.ni/
sultani,/sulˈt̪ˤɑ̹.ni/
supu,/ˈsu.pu/
taa,/tɑː/
taka,/ˈtɑ.kɑ/
taka,/ˈt̪ɑ.kɑ/
takataka,/tɑ.kɑˈtɑ.kɑ/
takataka,/tʰɑ.kɑˈtʰɑ.kɑ/
tatu,/ˈtɑ.tu/
tatu,/ˈtʰɑ.tu/
tayari,/tɑˈjɑ.ɾi/
tayari,/t̪ˤɑ̹ˈjɑ.ɾi/
tembe,/ˈtɛ.ᵐbɛ/
tembe,/ˈtʰɛ.ᵐbɛ/
teo,/ˈtɛ.ɔ/
teo,/ˈt̪ʰɛ.ɔ/
thumuni,/suˈmu.ni/
thumuni,/ˈθu.mu.ni/
tumbili,/tuˈᵐbi.li/
tumbili,/tʰuˈᵐbi.li/
tundu,/ˈtu.ⁿdu/
tundu,/ˈtʰu.ⁿdu/
ubia,/uˈɓi.ɑ/
udevu,/uˈɗɛ.vu/
udongo ulaya,/uˈɗɔ.ᵑɡɔ uˈlɑ.jɑ/
uduvi,/uˈɗu.vi/
ujao,/uˈʄɑ.ɔ/
ukanda,/uˈkɑ.ⁿdɑ/
uliopita,/uˈli.ɔ ˈpi.tɑ/
umoja,/uˈmɔ.ʄɑ/
upanga,/uˈpɑ.ᵑɡɑ/
upendo,/uˈpɛ.ⁿdɔ/
upepo,/uˈpɛ.pɔ/
uteo,/uˈtɛ.ɔ/
uteo,/uˈt̪ɛ.ɔ/
utoto,/uˈtɔ.tɔ/
uvumbi,/uˈvu.ᵐbi/
uzio,/uˈzi.ɔ/
vitu,/ˈvi.tu/
vitu,/ˈvi.tʰu/
vivu,/ˈvi.vu/
vyekundu,/vjɛˈku.ⁿdu/
wakenya,/wɑˈkɛ.ɲɑ/
watu,/ˈwɑ.tu/
watu,/ˈwɑ.tʰu/
wekundu,/wɛˈku.ⁿdu/
weusi,/weˈu.si/
yungali,/juˈᵑɡɑ.li/
zamu,/ˈzɑ.mu/
zijazo,/ziˈʄɑ.zɔ/
zilizopita,/ziˈli.zɔ ˈpi.tɑ/
zindua,/ziˈⁿdu.ɑ/
ziwa,/ˈzi.wɑ/
zuo,/ˈzu.ɔ/
zuoni,/zuˈɔ.ni/
